model,brand
AC  428 Convertible,1
ACURA ILX,4
ACURA Integra,1
ACURA MDX,5
ACURA MDX ASpec,1
ACURA NSX,2
ACURA NSXT,1
ACURA RDX,4
ACURA RL,2
ACURA RLX,2
ACURA TL,1
ACURA TLX,2
ACURA TSX,1
ACURA TSX Sport Wagon,1
ACURA ZDX,1
ALFA ROMEO 145,1
ALFA ROMEO 146,1
ALFA ROMEO 147 3 Doors,2
ALFA ROMEO 147 5 Doors,2
ALFA ROMEO 147 GTA,1
ALFA ROMEO 155,1
ALFA ROMEO 156,2
ALFA ROMEO 156 GTA,1
ALFA ROMEO 156 Sportwagon,2
ALFA ROMEO 156 Sportwagon GTA,1
ALFA ROMEO 159,1
ALFA ROMEO 159 Sportwagon,1
ALFA ROMEO 164,1
ALFA ROMEO 166,2
ALFA ROMEO 1900 Super Sprint,1
ALFA ROMEO 4C,1
ALFA ROMEO 4C Spider,1
ALFA ROMEO 75,1
ALFA ROMEO 8C Competizione,1
ALFA ROMEO 8C Spider,1
ALFA ROMEO Alfasud,1
ALFA ROMEO Alfasud Sprint,1
ALFA ROMEO Alfasud TI,1
ALFA ROMEO Alfetta,1
ALFA ROMEO Alfetta GTV,1
ALFA ROMEO Arna,1
ALFA ROMEO Brera,1
ALFA ROMEO Crosswagon Q4,1
ALFA ROMEO GT,1
ALFA ROMEO GTV,1
ALFA ROMEO Giulia,2
ALFA ROMEO Giulia GTA,1
ALFA ROMEO Giulia Quadrifoglio,1
ALFA ROMEO Giulia Veloce,1
ALFA ROMEO Giulietta,2
ALFA ROMEO Giulietta Quadrifoglio Verde,1
ALFA ROMEO MiTo,3
ALFA ROMEO MiTo Quadrifoglio Verde,2
ALFA ROMEO Spider,2
ALFA ROMEO Sprint,1
ALFA ROMEO Stelvio,1
ALFA ROMEO Stelvio 949,1
ALFA ROMEO Stelvio Quadrifoglio,1
ALPINE A110,1
ALPINE A110 R,1
ASTON MARTIN Cygnet,1
ASTON MARTIN DB AR1,1
ASTON MARTIN DB11,1
ASTON MARTIN DB11 AMR,1
ASTON MARTIN DB11 Volante,1
ASTON MARTIN DB5,1
ASTON MARTIN DB6,1
ASTON MARTIN DB7 Vantage,1
ASTON MARTIN DB7 Vantage Volante,1
ASTON MARTIN DB7 Zagato,1
ASTON MARTIN DB9 Carbon Edition,1
ASTON MARTIN DB9 Coupe,2
ASTON MARTIN DB9 Volante,3
ASTON MARTIN DBS,1
ASTON MARTIN DBS Superleggera,1
ASTON MARTIN DBS Volante,1
ASTON MARTIN DBS770 Ultimate,1
ASTON MARTIN DBX707,1
ASTON MARTIN Lagonda,1
ASTON MARTIN One77,1
ASTON MARTIN Rapide,1
ASTON MARTIN Rapide AMR,1
ASTON MARTIN Rapide S,1
ASTON MARTIN V12 Vantage,1
ASTON MARTIN V12 Vantage S,1
ASTON MARTIN V12 Vantage S Roadster,1
ASTON MARTIN V8 Vantage,1
ASTON MARTIN V8 Vantage N420,1
ASTON MARTIN V8 Vantage N430,1
ASTON MARTIN V8 Vantage Roadster,1
ASTON MARTIN V8 Vantage S,1
ASTON MARTIN V8 Vantage S Roadster,1
ASTON MARTIN Vanquish S,1
ASTON MARTIN Vanquish Volante,1
ASTON MARTIN Vantage,1
ASTON MARTIN Vantage GT12,1
ASTON MARTIN Vantage Roadster,1
ASTON MARTIN Virage,1
ASTON MARTIN Virage Coupe,1
ASTON MARTIN Virage Volante,1
ASTON MARTIN Vulcan,1
AUDI 100 C1,1
AUDI 100 C2,1
AUDI 100 C3,1
AUDI 100 C4,1
AUDI 200,1
AUDI 200 Avant,1
AUDI 80 Avant RS2,1
AUDI 80 S2 B4,1
AUDI 90 B2,1
AUDI 90 B3,1
AUDI A1,1
AUDI A1 Quattro,1
AUDI A1 Sportback,2
AUDI A1 Sportback 5 doors,1
AUDI A1 citycarver,1
AUDI A2,1
AUDI A3,5
AUDI A3 Cabriolet,3
AUDI A3 Hatchback 3 doors,1
AUDI A3 Sedan,3
AUDI A3 Sportback,5
AUDI A3 Sportback 5 doors,1
AUDI A3 Sportback etron,2
AUDI A3 Sportback gtron,1
AUDI A4,8
AUDI A4 Allroad,2
AUDI A4 Allroad quattro,1
AUDI A4 Avant,8
AUDI A4 Cabriolet,2
AUDI A4 DTM Edition,1
AUDI A4L,1
AUDI A5,3
AUDI A5 Cabriolet,2
AUDI A5 Sportback,4
AUDI A6,7
AUDI A6 AllRoad,1
AUDI A6 Allroad,1
AUDI A6 Avant,6
AUDI A6 Avant C4,1
AUDI A6 Avant C8,1
AUDI A6 C4,1
AUDI A7 Sportback,3
AUDI A8,2
AUDI A8 D2,2
AUDI A8 D3,1
AUDI A8 D3f,1
AUDI A8 D4,2
AUDI A8 L,3
AUDI Allroad,1
AUDI Cabriolet,1
AUDI Coupe,1
AUDI Q2,2
AUDI Q3,2
AUDI Q3 Facelift,2
AUDI Q3 Sportback,1
AUDI Q4 etron,1
AUDI Q5,4
AUDI Q5 Sportback,1
AUDI Q7,4
AUDI Q8 Sportback etron,1
AUDI Q8 etron,1
AUDI R8,1
AUDI R8 Coupe,1
AUDI R8 GT,1
AUDI R8 GT Spyder,1
AUDI R8 GT US,1
AUDI R8 Spyder,1
AUDI R8 V10,2
AUDI R8 V10 RWS,1
AUDI R8 V10 Spyder,2
AUDI R8 V10 performance RWD,1
AUDI R8 V10 performance RWD Spyder,1
AUDI R8 V8,1
AUDI R8 V8 Spyder,1
AUDI RS 3 Sedan,2
AUDI RS 3 Sportback,4
AUDI RS Q3,1
AUDI RS Q3 Facelift,1
AUDI RS Q8,1
AUDI RS etron GT,1
AUDI RS4,1
AUDI RS4 Avant B8,1
AUDI RS4 Avant B9,2
AUDI RS5,1
AUDI RS5 Cabriolet,1
AUDI RS5 Coupe,2
AUDI RS5 Sportback,1
AUDI RS6 Avant,2
AUDI RS6 Avant performance,1
AUDI RS7 Sportback,2
AUDI RS7 Sportback performance,1
AUDI S1,1
AUDI S1 Sportback,1
AUDI S3,1
AUDI S3 Cabriolet,2
AUDI S3 Sedan,2
AUDI S3 Sportback,2
AUDI S4,2
AUDI S4 Avant,3
AUDI S4 Avant TDI,1
AUDI S4 Cabriolet,1
AUDI S4 TDI,1
AUDI S5,1
AUDI S5 Cabriolet,3
AUDI S5 Coupe,1
AUDI S5 Sportback,4
AUDI S6,3
AUDI S6 Avant,4
AUDI S6 Sedan,1
AUDI S7,2
AUDI S7 Sportback,1
AUDI S8,3
AUDI S8 D4,1
AUDI S8 Plus,1
AUDI SQ2,1
AUDI SQ5,3
AUDI SQ7,2
AUDI SQ8,1
AUDI SQ8 etron,1
AUDI TT Coupe,3
AUDI TT RS Coupe,3
AUDI TT RS Plus,1
AUDI TT RS Roadster,3
AUDI TT Roadster,3
AUDI TTS Coupe,1
AUDI TTS Roadster,2
AUDI V8,1
AUDI etron,1
AUDI etron GT quattro,1
AUDI etron Sportback,1
AURUS Senat,1
BENTLEY Arnage Red Label,1
BENTLEY Azure,2
BENTLEY Azure T,1
BENTLEY BENTAYGA HYBRID,1
BENTLEY Bentayga,2
BENTLEY Bentayga S,1
BENTLEY Bentayga Speed,2
BENTLEY Continental Flying Spur,1
BENTLEY Continental Flying Spur Speed,1
BENTLEY Continental GT,5
BENTLEY Continental GT Speed,2
BENTLEY Continental GT Speed Convertible,1
BENTLEY Continental GT Supersports,1
BENTLEY Continental GT V8,1
BENTLEY Continental GTC,5
BENTLEY Continental GTC Speed,1
BENTLEY Continental R,1
BENTLEY Continental T,1
BENTLEY Flying Spur,2
BENTLEY Mulliner Bacalar,1
BENTLEY Mulsanne,2
BMW 1 Series 3 doors E81,1
BMW 1 Series 3 doors F21,1
BMW 1 Series 3 doors LCI F21,1
BMW 1 Series Cabriolet E88,2
BMW 1 Series Coupe E82,2
BMW 1 Series E87,2
BMW 1 Series F20,1
BMW 1 Series F20 LCI,1
BMW 1 Series LCI F20,1
BMW 1 Series M Coupe E82,1
BMW 1500,1
BMW 2 Series,1
BMW 2 Series Active Tourer,1
BMW 2 Series Active Tourer F45,2
BMW 2 Series Convertible,1
BMW 2 Series Convertible F23 LCI,1
BMW 2 Series Coupe G42,1
BMW 2 Series F22 LCI,1
BMW 2 Series Gran Coupe F44,1
BMW 2 Series Gran Tourer F45,1
BMW 2 Series Gran Tourer F46,1
BMW 2002,1
BMW 2002 Turbo,1
BMW 3 Series Cabriolet E30,1
BMW 3 Series Cabriolet E36,1
BMW 3 Series Cabriolet E46,2
BMW 3 Series Cabriolet E93,2
BMW 3 Series Compact E36,1
BMW 3 Series Compact E46,1
BMW 3 Series Coupe E21,1
BMW 3 Series Coupe E30,1
BMW 3 Series Coupe E36,1
BMW 3 Series Coupe E46,2
BMW 3 Series Coupe E92,2
BMW 3 Series E46,2
BMW 3 Series E90,2
BMW 3 Series F30,1
BMW 3 Series Gran Turismo F34,1
BMW 3 Series Gran Turismo LCI F34,1
BMW 3 Series Sedan,1
BMW 3 Series Sedan E30,1
BMW 3 Series Sedan E36,1
BMW 3 Series Sedan F30 LCI,1
BMW 3 Series Touring E30,1
BMW 3 Series Touring E46,2
BMW 3 Series Touring E91,2
BMW 3 Series Touring F31,1
BMW 3 Series Touring F31 LCI,1
BMW 30 CSL E9,1
BMW 30 CSi,1
BMW 315 PS,1
BMW 3200 Coupe CS,1
BMW 328,1
BMW 3Series Touring,1
BMW 4 Series Cabrio F33,2
BMW 4 Series Coupe F32,2
BMW 4 Series Coupe G22,1
BMW 4 Series Gran Coupe F36,2
BMW 4 Series Gran Coupe G26,1
BMW 5 Series E12,1
BMW 5 Series E28,1
BMW 5 Series E34,1
BMW 5 Series E39,2
BMW 5 Series E60,2
BMW 5 Series F10,1
BMW 5 Series F10 LCI,1
BMW 5 Series G30,1
BMW 5 Series Gran Turismo,1
BMW 5 Series Gran Turismo LCI,1
BMW 5 Series Touring E34,1
BMW 5 Series Touring E39,1
BMW 5 Series Touring E61,2
BMW 5 Series Touring F11,1
BMW 5 Series Touring F11 LCI,1
BMW 5 Series Touring G31,1
BMW 5 Series Touring G31 LCI,1
BMW 501502,1
BMW 503 Cabriolet,1
BMW 507 TS Roadster,1
BMW 6 Series Convertible E64,1
BMW 6 Series Convertible F12,1
BMW 6 Series Convertible LCI F12,1
BMW 6 Series Coupe E63,2
BMW 6 Series Coupe F13,1
BMW 6 Series Coupe LCI F13,1
BMW 6 Series Gran Coupe F06,1
BMW 6 Series Gran Coupe LCI F06,1
BMW 6 Series Gran Turismo G32,1
BMW 6 Series Gran Turismo G32 LCI,1
BMW 630 CS E24,1
BMW 7 Series,1
BMW 7 Series E23,1
BMW 7 Series E32,1
BMW 7 Series E38,2
BMW 7 Series E65E66,2
BMW 7 Series F0102,1
BMW 7 Series F0102 Facelift,1
BMW 7 Series G11 LCI,1
BMW 8 Series Convertible,1
BMW 8 Series Convertible G14,1
BMW 8 Series Coupe,1
BMW 8 Series Coupe G15,1
BMW 8 Series E31,1
BMW 8 Series Gran Coupe G16,1
BMW M 635 CSi E24,1
BMW M Coupe E36,1
BMW M2 CS,1
BMW M2 Competition,1
BMW M2 F87,1
BMW M3 CS,1
BMW M3 CSL E46,1
BMW M3 Cabriolet E36,1
BMW M3 Cabriolet E93,1
BMW M3 Coupe E30,1
BMW M3 Coupe E92,1
BMW M3 GTS E92,1
BMW M3 Sedan E36,1
BMW M3 Sedan E90,1
BMW M3 Touring,1
BMW M4 CS F82,1
BMW M4 CSL,1
BMW M4 Competition Convertible M xDrive,1
BMW M4 Convertible F83,1
BMW M4 Coupe F82,1
BMW M4 Coupe G82,1
BMW M4 GTS F82,1
BMW M5 CS,1
BMW M5 Competition F90,1
BMW M5 Competition F90 LCI,1
BMW M5 E28,1
BMW M5 E34,1
BMW M5 E39,1
BMW M5 F10,1
BMW M5 F10 LCI,1
BMW M5 F90,1
BMW M5 Touring E61,1
BMW M6 Cabrio E64,1
BMW M6 Cabrio F12,1
BMW M6 Cabrio LCI,1
BMW M6 Coupe E63,1
BMW M6 Coupe F13,1
BMW M6 Coupe LCI,1
BMW M6 Gran Coupe F06,1
BMW M8 Convertible,1
BMW M8 Convertible F91,1
BMW M8 Coupe,1
BMW M8 Coupe F92,1
BMW X1,3
BMW X1 E84,2
BMW X3,1
BMW X3 E83,2
BMW X3 F25,2
BMW X3 G01,1
BMW X3 M F97,2
BMW X4,3
BMW X4 M F98,2
BMW X5,1
BMW X5 E53,1
BMW X5 E70,1
BMW X5 F15,1
BMW X5 G05,1
BMW X5 M Competition,1
BMW X5 M E70,1
BMW X5 M F85,1
BMW X5 M G05,1
BMW X6,2
BMW X6 E71,2
BMW X6 F16,1
BMW X6 M Competition,1
BMW X6 M G06,1
BMW X6M E71,1
BMW X6M F86,1
BMW Z1 E30,1
BMW Z3 Roadster E36,1
BMW Z4 Coupe E86,1
BMW Z4 G29,1
BMW Z4 M Coupe E86,1
BMW Z4 M Roadster E85,1
BMW Z4 Roadster E89,1
BMW Z4 Roadster LCI E89,1
BMW Z8 Roadster E52,1
BMW i3,2
BMW i3s,1
BMW i4,1
BMW i7,1
BMW i8 I12,1
BMW i8 Roadster I15,1
BMW iX M60,1
BMW iX1,1
BMW iX3 G08,1
BRISTOL Fighter,1
BUFORI La Joya MKIII,1
BUGATTI Bolide,1
BUGATTI Centodieci,1
BUGATTI Chiron,1
BUGATTI Chiron Pur Sport,1
BUGATTI Divo,1
BUGATTI EB 110 SS,1
BUGATTI La Voiture Noire,1
BUGATTI Veyron,1
BUGATTI Veyron Grand Sport,1
BUGATTI Veyron Grand Sport Vitesse,1
BUGATTI Veyron Super Sport,1
BUGATTI W16 Mistral,1
BUICK Cascada,1
BUICK Century,1
BUICK Enclave,2
BUICK Encore,1
BUICK Encore GX,1
BUICK Envision,1
BUICK LaCrosse,2
BUICK Lucerne,1
BUICK Regal,1
BUICK Regal GS,1
BUICK Skylark,1
BUICK Verano,1
CADILLAC ATS,1
CADILLAC ATS Coupe,1
CADILLAC ATSV,1
CADILLAC ATSV Coupe,1
CADILLAC Allante,1
CADILLAC BLS,1
CADILLAC BLS Wagon,1
CADILLAC CT4V Blackwing,1
CADILLAC CT5,1
CADILLAC CT5V,1
CADILLAC CT5V Blackwing,1
CADILLAC CT6,1
CADILLAC CTS,3
CADILLAC CTS Coupe,1
CADILLAC CTS Sport Wagon,1
CADILLAC CTSV,2
CADILLAC CTSV Coupe,1
CADILLAC CTSV Sport Wagon,1
CADILLAC Catera,1
CADILLAC DTS,2
CADILLAC ELR,1
CADILLAC Eldorado,1
CADILLAC Escalade,4
CADILLAC Escalade ESV,2
CADILLAC EscaladeV,1
CADILLAC Lyriq,1
CADILLAC SRX,2
CADILLAC STS,1
CADILLAC STSV,1
CADILLAC Seville,1
CADILLAC XLR,1
CADILLAC XT4,1
CADILLAC XT5,1
CADILLAC XT6,1
CADILLAC XTS,1
CATERHAM CSR,1
CHEVROLET Agile,2
CHEVROLET Astro,1
CHEVROLET Avalanche,1
CHEVROLET Aveo Sedan,1
CHEVROLET AveoKalos 3 Doors,1
CHEVROLET AveoKalos 5 Doors,2
CHEVROLET AveoKalos Sedan,1
CHEVROLET Blazer,1
CHEVROLET Blazer 3 doors,1
CHEVROLET Blazer 5 doors,1
CHEVROLET Blazer EV,1
CHEVROLET Camaro,5
CHEVROLET Camaro Convertible,2
CHEVROLET Camaro SS,1
CHEVROLET Camaro Z28,1
CHEVROLET Camaro ZL1,2
CHEVROLET Camaro ZL1 Convertible,1
CHEVROLET Captiva,2
CHEVROLET Classic,1
CHEVROLET Cobalt,1
CHEVROLET Cobalt Coupe SS,1
CHEVROLET Cobalt Sedan,2
CHEVROLET Colorado Crew Cab,1
CHEVROLET Colorado Double Cab,1
CHEVROLET Colorado Regular Cab,1
CHEVROLET Corvette C1 Roadster,1
CHEVROLET Corvette C1 Roadster V8,1
CHEVROLET Corvette C4 Coupe,1
CHEVROLET Corvette C5 Convertible,1
CHEVROLET Corvette C5 Coupe,1
CHEVROLET Corvette C5 Z06,1
CHEVROLET Corvette C6 Convertible,1
CHEVROLET Corvette C6 Coupe,1
CHEVROLET Corvette Convertible,1
CHEVROLET Corvette Convertible Grand Sport,1
CHEVROLET Corvette Coupe,1
CHEVROLET Corvette ERay,1
CHEVROLET Corvette Stingray C7,1
CHEVROLET Corvette Stingray C8,1
CHEVROLET Corvette Stingray Convertible C7,1
CHEVROLET Corvette Z06,2
CHEVROLET Corvette Z06 Convertible,1
CHEVROLET Corvette ZR1,1
CHEVROLET Cruze,1
CHEVROLET Cruze HB5,1
CHEVROLET Cruze Hatchback,1
CHEVROLET Cruze Wagon,1
CHEVROLET Epica,1
CHEVROLET Equinox,4
CHEVROLET Equinox EV,1
CHEVROLET Evanda,1
CHEVROLET Express,1
CHEVROLET Express LWB,1
CHEVROLET HHR,1
CHEVROLET HHR SS,1
CHEVROLET Impala,1
CHEVROLET Malibu,4
CHEVROLET Malibu ECO,1
CHEVROLET Malibu Maxx,1
CHEVROLET Malibu Sedan,1
CHEVROLET Matiz  Spark M200,1
CHEVROLET Matiz  Spark M300,1
CHEVROLET NubiraLacetti 4 door,1
CHEVROLET NubiraLacetti Wagon,1
CHEVROLET Onix,1
CHEVROLET Orlando,1
CHEVROLET Prisma,1
CHEVROLET SS,1
CHEVROLET SSR,1
CHEVROLET Silverado 1500 Crew Cab,2
CHEVROLET Silverado 1500 Double Cab,1
CHEVROLET Silverado 1500 Extended Cab,1
CHEVROLET Silverado 1500 Regular Cab,1
CHEVROLET Silverado 2500 Double Cab,1
CHEVROLET Silverado 2500HD Extended Cab,1
CHEVROLET Silverado 3500HD Crew Cab,1
CHEVROLET Silverado EV,1
CHEVROLET Silverado EV WT,1
CHEVROLET Silverado Hybrid,1
CHEVROLET Sonic Hatchback 5 Doors,1
CHEVROLET Spark EV,1
CHEVROLET Spin,1
CHEVROLET Suburban,2
CHEVROLET TacumaRezzo,1
CHEVROLET Tahoe,3
CHEVROLET Tracker,1
CHEVROLET TrailBlazer,2
CHEVROLET TrailBlazer EXT,1
CHEVROLET TrailBlazer SS,1
CHEVROLET Trailblazer,3
CHEVROLET Traverse,2
CHEVROLET Trax,2
CHEVROLET Volt,2
CHRYSLER 200,2
CHRYSLER 200 Convertible,1
CHRYSLER 300,2
CHRYSLER 300 SRT8,1
CHRYSLER 300 Sport Coupe,1
CHRYSLER 300C,1
CHRYSLER 300C SRT8,1
CHRYSLER 300C Touring,1
CHRYSLER 300C Touring SRT8,1
CHRYSLER 300M,1
CHRYSLER Airflow,1
CHRYSLER Aspen,1
CHRYSLER Chrysler 300C,1
CHRYSLER Crossfire,2
CHRYSLER Crossfire Roadster,2
CHRYSLER Crossfire Roadster SRT6,1
CHRYSLER Crossfire SRT6,1
CHRYSLER Grand Voyager,1
CHRYSLER PT Cruiser,1
CHRYSLER PT Cruiser Convertible,1
CHRYSLER Pacifica,3
CHRYSLER Sebring Convertible,3
CHRYSLER Sebring Sedan,1
CHRYSLER Town  Country,1
CHRYSLER Voyager,1
CITROEN 2CV,1
CITROEN AMI,1
CITROEN AX 3 Doors,1
CITROEN BX,2
CITROEN BX Break,1
CITROEN Berlingo,5
CITROEN C1 3 Doors,2
CITROEN C1 5 Doors,3
CITROEN C1 5 doors,1
CITROEN C2,1
CITROEN C2 VTS,1
CITROEN C3,6
CITROEN C3 Aircross,2
CITROEN C3 Picasso,2
CITROEN C3 Pluriel,1
CITROEN C4,1
CITROEN C4 Aircross,1
CITROEN C4 Cactus,2
CITROEN C4 Coupe,2
CITROEN C4 Hatchback,2
CITROEN C4 Picasso,3
CITROEN C4 Sedan,1
CITROEN C4 X,1
CITROEN C5 Aircross,1
CITROEN C5 Estate,2
CITROEN C5 Liftback,2
CITROEN C5 Sedan,2
CITROEN C5 Tourer,1
CITROEN C5 X,1
CITROEN C6,1
CITROEN C8,1
CITROEN CCrosser,1
CITROEN CElysee,1
CITROEN CX,1
CITROEN CZero,1
CITROEN DS 3,1
CITROEN DS4,1
CITROEN DS5,1
CITROEN Dyane,1
CITROEN EMehari,2
CITROEN Evasion,1
CITROEN Grand C4 Picasso,2
CITROEN LNA,1
CITROEN Nemo Combi,1
CITROEN SM,1
CITROEN XM,1
CITROEN Xantia,1
CITROEN Xsara Coupe VTS,1
CITROEN Xsara Picasso,1
CUPRA Ateca,1
CUPRA Born,1
CUPRA Formentor,1
DACIA Dokker,1
DACIA Dokker Van,1
DACIA Duster,4
DACIA Jogger,2
DACIA Lodgy,1
DACIA Logan,2
DACIA Logan 2,1
DACIA Logan MCV,4
DACIA Logan MCV Stepway,1
DACIA Logan Van,1
DACIA Pickup,1
DACIA Sandero,3
DACIA Sandero 2,1
DACIA Sandero Stepway,3
DACIA Sandero Stepway 2,1
DACIA Spring Electric,1
DAEWOO G2X,1
DAEWOO Gentra,1
DAEWOO Lacetti 5 doors,1
DAEWOO Leganza,1
DAEWOO Matiz,1
DAEWOO Tosca,1
DAEWOO Winstorm,1
DAIHATSU Copen,1
DAIHATSU Cuore,1
DAIHATSU Sirion 2,1
DAIHATSU Terios,1
DAIHATSU Trevis,1
DATSUN MiDo,1
DODGE Avenger,2
DODGE Caliber,1
DODGE Caliber SRT4,1
DODGE Caravan,1
DODGE Challenger,4
DODGE Challenger SRT,1
DODGE Challenger SRT Demon,1
DODGE Challenger SRT Demon 170,1
DODGE Challenger SRT8,1
DODGE Charger,8
DODGE Charger SRT,1
DODGE Charger SRT Hellcat Widebody,1
DODGE Charger SRT8,1
DODGE Dakota Club Cab,1
DODGE Dart,1
DODGE Durango,3
DODGE Durango SRT,2
DODGE Grand Caravan,1
DODGE Hornet,1
DODGE Journey,2
DODGE Magnum,1
DODGE Nitro,1
DODGE Ram 1500,1
DODGE SRT Viper,1
DODGE Viper GT2,1
DODGE Viper SRT10 Roadster,2
DS AUTOMOBILES DS 3,2
DS AUTOMOBILES DS 3 Cabrio,2
DS AUTOMOBILES DS 3 Crossback,1
DS AUTOMOBILES DS 7,1
DS AUTOMOBILES DS 7 Crossback,1
DS AUTOMOBILES DS 9,1
DeLorean DMC12,1
FERRARI 195 Inter,1
FERRARI 212 Export,1
FERRARI 212 Inter,1
FERRARI 250 Europa,1
FERRARI 250 GT,1
FERRARI 250 GTO,1
FERRARI 275 GTB,1
FERRARI 275 GTS,1
FERRARI 288 GTO,1
FERRARI 308 GTB,1
FERRARI 308 GTSi Quattrovalvole,1
FERRARI 328 GTS,1
FERRARI 348 Spider,1
FERRARI 348 tb,1
FERRARI 360 Challenge Stradale F 131,1
FERRARI 360 Modena,1
FERRARI 360 Spider,1
FERRARI 365 GTB4 Daytona,1
FERRARI 365 GTS4,1
FERRARI 412,1
FERRARI 430 Scuderia,1
FERRARI 456 GT,1
FERRARI 458 Italia,1
FERRARI 458 Speciale,1
FERRARI 488 GTB,1
FERRARI 488 Spider,1
FERRARI 512 M,1
FERRARI 512 TR,1
FERRARI 550 Barchetta Pininfarina,1
FERRARI 550 Maranello,1
FERRARI 575 M Superamerica,1
FERRARI 575M Maranello,1
FERRARI 599 GTB Fiorano,1
FERRARI 599 GTO,1
FERRARI 612 Scaglietti,1
FERRARI 812 Superfast,1
FERRARI California T,1
FERRARI Dino 206 GT,1
FERRARI Dino 246 GT,1
FERRARI Dino 308 GT4,1
FERRARI Enzo,1
FERRARI F12 Berlinetta,1
FERRARI F12tdf,1
FERRARI F149 California,2
FERRARI F355,1
FERRARI F355 Spider,1
FERRARI F40,1
FERRARI F430,1
FERRARI F430 Spider,1
FERRARI F50,1
FERRARI F8 Tributo,1
FERRARI FF,1
FERRARI FXX,1
FERRARI GTC4Lusso,1
FERRARI GTC4Lusso T,1
FERRARI LaFerrari,1
FERRARI Mondial 8,1
FERRARI Portofino,1
FERRARI Purosangue,1
FERRARI Roma,1
FERRARI SF90 Stradale,1
FERRARI Scuderia Spider 16M,1
FERRARI Testarossa,1
FIAT  Fullback Cross,1
FIAT 124 Abarth Spider,1
FIAT 124 Spider,1
FIAT 126,1
FIAT 131 Mirafiori 4 doors,1
FIAT 132,1
FIAT 2300 S Coupe,1
FIAT 500,2
FIAT 500 31,1
FIAT 500 Abarth,1
FIAT 500 Abarth 695 Tributo Ferrari,1
FIAT 500 Abarth esseesse,1
FIAT 500 C,2
FIAT 500 Nouva,1
FIAT 500 X,1
FIAT 500C Abarth,1
FIAT 500L,2
FIAT 500L Living,1
FIAT 500L Trekking,1
FIAT 500X,1
FIAT 500e,2
FIAT 595 Abarth,2
FIAT 595C Abarth,1
FIAT 600,1
FIAT 695 Abarth Biposto,1
FIAT 8V,1
FIAT Argo,1
FIAT Barchetta,2
FIAT Bravo,2
FIAT Cinquecento,1
FIAT Coupe,1
FIAT Croma,3
FIAT Doblo,2
FIAT F595 Abarth,1
FIAT Freemont,1
FIAT Freemont Cross,1
FIAT Fullback Double Cab,1
FIAT Grande Punto Abarth,1
FIAT Idea,2
FIAT Linea,1
FIAT Multipla,1
FIAT Palio,1
FIAT Palio Weekend,1
FIAT Panda,2
FIAT Panda 4x4,1
FIAT Panda City Cross,1
FIAT Panda Cross,1
FIAT Punto 3 Doors,1
FIAT Punto 5 Doors,1
FIAT Punto Evo 3 Doors,1
FIAT Punto Evo 5 Doors,1
FIAT Qubo,1
FIAT Sedici,2
FIAT Stilo 3 Doors,1
FIAT Stilo 5 Doors,1
FIAT Stilo Multi Wagon,1
FIAT Tipo  Egea,1
FIAT Tipo 5 Doors,1
FIAT Tipo Cross,1
FIAT Tipo Station Wagon,1
FIAT Uno,1
FIAT Viaggio,1
FISKER Ocean,1
FORD BMax,1
FORD Bronco,1
FORD Bronco 4door,1
FORD Bronco Raptor,1
FORD Bronco Sport,1
FORD Bullitt,1
FORD CMax,3
FORD Capri,2
FORD Crestline Skyliner,1
FORD EDGE,1
FORD EcoSport,1
FORD Ecosport,1
FORD Edge,3
FORD Escape,6
FORD Escort 3 Doors,1
FORD Everest,3
FORD Excursion,1
FORD Expedition,2
FORD Expedition Max,1
FORD Explorer,6
FORD Explorer Sport Trac,1
FORD F150,1
FORD F150 Lightning,1
FORD F150 Raptor,1
FORD F150 Raptor SVT,1
FORD F150 SVT Raptor,1
FORD F150 Super Cab,1
FORD F150 Super Crew,2
FORD F150 Tremor,1
FORD Fiesta 3 Doors,5
FORD Fiesta 3 doors,1
FORD Fiesta 5 Doors,2
FORD Fiesta 5 doors,1
FORD Fiesta Active,1
FORD Fiesta ST,2
FORD Fiesta ST 3 doors,1
FORD Fiesta ST200 3 Doors,1
FORD Fiesta Sedan,1
FORD Figo,4
FORD Five Hundred,1
FORD Flex,2
FORD Focus 3 Doors,2
FORD Focus 4 Doors,2
FORD Focus 5 Doors,3
FORD Focus Active Wagon,1
FORD Focus Estate,2
FORD Focus RS,3
FORD Focus ST 5 Doors,3
FORD Focus ST Estate,1
FORD Focus Sedan,1
FORD Focus Wagon,1
FORD Freestar,1
FORD Fusion,1
FORD Fusion Hybrid,1
FORD Fusion North American,3
FORD GT,1
FORD Galaxy,4
FORD Grand CMax,1
FORD Ka,3
FORD Ka Active,1
FORD Kuga,4
FORD Mach 1,1
FORD Maverick,1
FORD Mondeo Hatchback,2
FORD Mondeo Sedan,1
FORD Mondeo Wagon,3
FORD Mustang,4
FORD Mustang Convertible,3
FORD Mustang GT 350 Shelby,1
FORD Mustang MACHE,1
FORD Mustang MachE GT,1
FORD Mustang Shelby GT350,1
FORD Mustang Shelby GT350R,1
FORD Mustang Shelby GT500,3
FORD Mustang Shelby GT500 Convertible,1
FORD Puma,1
FORD Puma ST,1
FORD Ranger Double Cab,3
FORD Ranger Raptor,1
FORD Ranger Super Cab,1
FORD Ranger Wildtrak,1
FORD Raptor Ranger,1
FORD SMax,2
FORD Super Duty Lariat Tremor,1
FORD TRANSITTOURNEO CONNECT 7SEATS,1
FORD TRANSITTOURNEO CONNECT WAGON 5SEATS,1
FORD Taurus,4
FORD Taurus SHO,1
FORD Tourneo Connect,1
GENESIS G70,2
GENESIS G70 Shooting Brake,1
GENESIS G80,2
GENESIS G90,2
GENESIS GV60,1
GENESIS GV70,1
GENESIS GV80,1
GMC Acadia,3
GMC Canyon Crew Cab,1
GMC Envoy,2
GMC Sierra 1500 Crew Cab,1
GMC Sierra 1500 Extended Cab,1
GMC Sierra 2500HD Crew Cab,1
GMC Sierra 3500HD Crew Cab,1
GMC Sierra Denali,1
GMC Terrain,1
GMC Yukon,1
GMC Yukon AT4,1
GMC Yukon Denali,1
GMC Yukon XL,1
HOLDEN Adventra,1
HOLDEN Astra 3 Doors,1
HOLDEN Astra 5 Doors,1
HOLDEN Astra Caravan,1
HOLDEN Barina RS,1
HOLDEN Barina Spark,1
HOLDEN Caprice,1
HOLDEN CapriceSatesman,1
HOLDEN Captiva,2
HOLDEN Commodore,1
HOLDEN Commodore Sedan,2
HOLDEN Cruze,2
HOLDEN Monaro,1
HOLDEN Statesman,1
HOLDEN Trax,2
HOLDEN Ute,2
HONDA Accord,5
HONDA Accord 3 Doors,2
HONDA Accord 4 Doors,5
HONDA Accord Coupe,3
HONDA Accord Coupe US,1
HONDA Accord Crosstour,1
HONDA Accord Sedan US,4
HONDA Accord Tourer,2
HONDA Avancier,1
HONDA CRV,9
HONDA CRZ,1
HONDA Civic 3 Doors,3
HONDA Civic 5 Doors,6
HONDA Civic Coupe,6
HONDA Civic Coupe Si,3
HONDA Civic Sedan,5
HONDA Civic Sedan HF,1
HONDA Civic Sedan Natural Gas,1
HONDA Civic Sedan Si,1
HONDA Civic Sedan Si US,1
HONDA Civic Sedan US,2
HONDA Civic Tourer,1
HONDA Civic Type R,1
HONDA Civic Type S,2
HONDA Civic TypeR,4
HONDA Civic TypeR Mugen,1
HONDA Civic eHEV EU,1
HONDA Crosstour,1
HONDA Element,1
HONDA FCX Clarity,1
HONDA FRV  Edix,2
HONDA Fit EV,1
HONDA HRV,2
HONDA HRV 5 doors,1
HONDA Insight,3
HONDA Jazz  Fit,1
HONDA JazzFit,1
HONDA Legend,1
HONDA Legend Sedan,1
HONDA NSX,3
HONDA Odyssey,5
HONDA Pilot,2
HONDA Prelude,4
HONDA Ridgeline,4
HONDA e,1
HONDA insight,1
HYUNDAI Accent,1
HYUNDAI Accent 3 Doors,2
HYUNDAI Accent 4 Doors,2
HYUNDAI Accent 5 Doors,2
HYUNDAI Atos,1
HYUNDAI Azera,1
HYUNDAI Bayon,1
HYUNDAI Coupe  Tiburon,3
HYUNDAI Elantra,4
HYUNDAI Elantra 4 doors,1
HYUNDAI Elantra Coupe,1
HYUNDAI Elantra GT,3
HYUNDAI Elantra N Line,1
HYUNDAI Elantra Touring,1
HYUNDAI Equus,1
HYUNDAI Genesis,3
HYUNDAI Genesis Coupe,1
HYUNDAI Grand i10,1
HYUNDAI Grandeur,1
HYUNDAI Ioniq,2
HYUNDAI Ioniq 5,1
HYUNDAI Ioniq 6,1
HYUNDAI Kona,2
HYUNDAI Kona Electric,1
HYUNDAI Kona Electric US,1
HYUNDAI Kona N,1
HYUNDAI Kona US,1
HYUNDAI Matrix,1
HYUNDAI Mistra,1
HYUNDAI NEXO,1
HYUNDAI Palisade,2
HYUNDAI Santa Cruz,1
HYUNDAI Santa Fe,7
HYUNDAI Santa Fe US,1
HYUNDAI Sonata,7
HYUNDAI Sonata  i45,1
HYUNDAI Sonata Hybrid,2
HYUNDAI Terracan,1
HYUNDAI Tucson,4
HYUNDAI Tucson US,1
HYUNDAI Veloster,2
HYUNDAI Veloster N,1
HYUNDAI Venue,1
HYUNDAI i10,4
HYUNDAI i20,3
HYUNDAI i20 Active,1
HYUNDAI i20 Coupe,1
HYUNDAI i30,4
HYUNDAI i30 Coupe,1
HYUNDAI i30 Estate,2
HYUNDAI i30 Fastback,1
HYUNDAI i30 N,1
HYUNDAI i30 Tourer,1
HYUNDAI i30 Wagon,1
HYUNDAI i40 Saloon,1
HYUNDAI i40 Tourer,1
HYUNDAI i800  H1,1
HYUNDAI ix20,2
HYUNDAI ix35  Tucson,2
HYUNDAI ix55  Veracruz,1
INFINITI EX,1
INFINITI FX,2
INFINITI G35 Coupe,1
INFINITI G37 Convertible,1
INFINITI G37 Coupe,1
INFINITI G37 Sedan,1
INFINITI IPL G Convertible,1
INFINITI JX,1
INFINITI M Sedan,1
INFINITI M35M45,1
INFINITI Q30,1
INFINITI Q50,3
INFINITI Q60,3
INFINITI Q60 Convertible,1
INFINITI Q70,2
INFINITI QX,1
INFINITI QX30,1
INFINITI QX50,4
INFINITI QX55,1
INFINITI QX56,1
INFINITI QX60,3
INFINITI QX70,1
INFINITI QX80,3
ISUZU DMax Double Cab,1
JAGUAR EPace,1
JAGUAR FPace,2
JAGUAR FPace SVR,2
JAGUAR FType Convertible,2
JAGUAR FType Coupe,2
JAGUAR FType SVR Coupe,1
JAGUAR IPACE,1
JAGUAR XE,2
JAGUAR XE 300 Sport,1
JAGUAR XF,1
JAGUAR XF Sportbrake,1
JAGUAR XF Sportbrake X250,1
JAGUAR XF Sportbrake X260,1
JAGUAR XF X250,1
JAGUAR XF X260,1
JAGUAR XFR,2
JAGUAR XJ,3
JAGUAR XJR,1
JAGUAR XK,1
JAGUAR XK Cabrio,1
JAGUAR XK8 X100,1
JAGUAR XKR,1
JAGUAR XKR Convertible,1
JAGUAR XKRS,1
JAGUAR XKRS Convertible,1
JEEP Cherokee,4
JEEP CherokeeLiberty,3
JEEP Commander,1
JEEP Compass,5
JEEP GRAND CHEROKEE TRACKHAWK,1
JEEP Gladiator,1
JEEP Grand Cherokee,4
JEEP Grand Cherokee L,1
JEEP Grand Cherokee SRT,1
JEEP Grand Cherokee SRT8,1
JEEP Grand Wagoneer,1
JEEP Patriot,1
JEEP Renegade,2
JEEP Wagoneer,2
JEEP Wrangler,3
JEEP Wrangler Rubicon,2
JEEP Wrangler Unlimited,2
JEEP Wrangler Unlimited Rubicon,2
KIA Borrego,1
KIA Carens,4
KIA Carnival,1
KIA CarnivalSedona,2
KIA CarnivalSedona LWB,1
KIA CarnivalSedona SWB,1
KIA Ceed,1
KIA Ceed SportWagon,1
KIA Cerato  Spectra Hatchback,1
KIA CeratoForte,1
KIA EV6,1
KIA Forte,3
KIA Forte 5 Door,1
KIA Forte Koup,2
KIA K5,1
KIA K5 Fastback,1
KIA K7  Cadenza,2
KIA K9  K900,1
KIA K900K9,1
KIA Niro,2
KIA Optima,1
KIA Optima  K5,1
KIA Optima  Magentis,2
KIA Optima Sportswagon,1
KIA Optima US,1
KIA Picanto  3 doors,1
KIA Picanto  5 doors,1
KIA Picanto 5 doors,3
KIA Pro ceed,2
KIA Rio,2
KIA Rio 3 doors,1
KIA Rio 5 doors,1
KIA Rio Hatchback,2
KIA Rio Sedan,2
KIA Rondo,2
KIA Seltos,1
KIA Sorento,6
KIA Sorento US,1
KIA Soul,4
KIA Soul EV,1
KIA Sportage,6
KIA Sportage HEV,1
KIA Stinger,2
KIA Stonic,1
KIA Stonic GTLine,1
KIA Telluride,2
KIA Venga,2
KIA XCeed,2
KIA ceed,3
KIA ceed Sport Wagon,1
KIA eNiro,1
KIA proceed GT,1
KOENIGSEGG Agera,1
KOENIGSEGG Agera R,1
KOENIGSEGG CC8S,1
KOENIGSEGG CCR,1
KOENIGSEGG CCX,1
KOENIGSEGG CCXR,1
KOENIGSEGG Gemera,1
KTM XBow GT,1
KTM XBow R,1
LADA 110,1
LADA 111,1
LADA 112,1
LADA Priora,1
LAMBORGHINI Aventador LP 7004,1
LAMBORGHINI Aventador LP 7004 Roadster,1
LAMBORGHINI Aventador SVJ,1
LAMBORGHINI Aventador SVJ Roadster,1
LAMBORGHINI Centenario,1
LAMBORGHINI Countach LP 400,1
LAMBORGHINI Diablo,1
LAMBORGHINI Diablo VT,1
LAMBORGHINI Espada,1
LAMBORGHINI Gallardo,1
LAMBORGHINI Gallardo 5604 Spyder,1
LAMBORGHINI Gallardo LP 5704 Spyder Performante,1
LAMBORGHINI Huracan Evo,1
LAMBORGHINI Huracan Evo Spyder,1
LAMBORGHINI Huracan LP 5802 RWD,1
LAMBORGHINI Huracan LP 6104,1
LAMBORGHINI Huracan LP6104 Spyder,1
LAMBORGHINI Huracan Performance Spyder,1
LAMBORGHINI Huracan STO,1
LAMBORGHINI Huracan Tecnica,1
LAMBORGHINI LM 002,1
LAMBORGHINI LP7804 Ultimae,1
LAMBORGHINI LP7804 Ultimae Roadster,1
LAMBORGHINI Murcielago LP 640 Roadster,1
LAMBORGHINI Murcielago LP 6704 SuperVeloce,1
LAMBORGHINI Reventon,1
LAMBORGHINI Revuelto,1
LAMBORGHINI Urus,1
LAMBORGHINI Urus Performante,1
LAMBORGHINI Urus S,1
LANCIA Beta Coupe,1
LANCIA Delta,2
LANCIA Flavia,1
LANCIA Lybra SW,1
LANCIA Musa,1
LANCIA Phedra,1
LANCIA Thema,2
LANCIA Thesis,1
LANCIA Voyager,1
LANCIA Ypsilon,4
LANCIA Ypsilon 846,1
LAND ROVER Defender 110,4
LAND ROVER Defender 130,1
LAND ROVER Defender 90,3
LAND ROVER Discovery,1
LAND ROVER Discovery  LR4,2
LAND ROVER Discovery Sport,2
LAND ROVER Freelander,1
LAND ROVER Freelander  LR2,2
LAND ROVER Range Rover,3
LAND ROVER Range Rover Evoque,1
LAND ROVER Range Rover Evoque 5 Door,2
LAND ROVER Range Rover Evoque Convertible,1
LAND ROVER Range Rover Evoque Coupe,1
LAND ROVER Range Rover Hybrid,1
LAND ROVER Range Rover SWB,1
LAND ROVER Range Rover Sport,5
LAND ROVER Range Rover Sport HST,1
LAND ROVER Range Rover Sport SVR,1
LAND ROVER Range Rover Velar,2
LEXUS CT,3
LEXUS ES,5
LEXUS GS,7
LEXUS GS F,1
LEXUS GX,1
LEXUS GX 460,1
LEXUS HS 250h,1
LEXUS IS,4
LEXUS IS C,1
LEXUS IS F,1
LEXUS IS Sport Cross,1
LEXUS LC,1
LEXUS LC 500 Convertible,1
LEXUS LFA,1
LEXUS LS,5
LEXUS LX,5
LEXUS NX,3
LEXUS RC,2
LEXUS RC F,1
LEXUS RX,5
LEXUS RZ 450e,1
LEXUS SC,1
LEXUS UX,1
LEXUS UX 300e,1
LIGHTYEAR Lightyear 0,1
LINCOLN AVIATOR,1
LINCOLN Aviator,1
LINCOLN Continental,4
LINCOLN Corsair,2
LINCOLN Corsair Grand Touring,1
LINCOLN MKC,1
LINCOLN MKS,2
LINCOLN MKT,2
LINCOLN MKX,2
LINCOLN MKZ,3
LINCOLN Mark LT,1
LINCOLN Nautilus,2
LINCOLN Navigator,4
LINCOLN Navigator L,3
LINCOLN Town Car,1
LOTUS 2 Eleven,1
LOTUS Eletre,1
LOTUS Elise,2
LOTUS Elite,1
LOTUS Emira,1
LOTUS Evija,1
LOTUS Evora,1
LOTUS Evora 400,1
LOTUS Evora Sport 410,1
LOTUS Exige,2
LOTUS Exige S,1
LOTUS Sport 240 Final Edition,1
LOTUS Sport 390 Final Edition,1
LOTUS Sport 420 Final Edition,1
MARUTI SUZUKI Ciaz,1
MASERATI  Quattroporte Sport GT S,1
MASERATI 3200 GT,1
MASERATI Bora,1
MASERATI Coupe,1
MASERATI Folgore,1
MASERATI Ghibli,2
MASERATI Ghibli GranLusso,1
MASERATI GranCabrio,2
MASERATI GranTurismo,2
MASERATI GranTurismo MC Stradale,1
MASERATI GranTurismo S,1
MASERATI Grecale GT,1
MASERATI Grecale Modena,1
MASERATI Grecale Trofeo,1
MASERATI Levante,1
MASERATI Levante Trofeo,1
MASERATI MC 12,1
MASERATI MC20,1
MASERATI MC20 Cielo,1
MASERATI Modena,1
MASERATI Quattroporte V,1
MASERATI Quattroporte VI,2
MASERATI Trofeo,1
MAYBACH 57 Spezial W240,1
MAYBACH 57 W240,1
MAYBACH 62 Spezial V240,1
MAYBACH 62 V240,1
MAYBACH 62 Zeppelin,1
MAYBACH Landaulet,1
MAYBACH Typ SW 42,1
MAYBACH Typ SW 42 Cabriolet,1
MAYBACH Typ W3 2270 HP Open Body,1
MAZDA 2,4
MAZDA 2  Demio,1
MAZDA 3  Axela Hatchback,4
MAZDA 3  Axela Sedan,4
MAZDA 3 MPS  MAZDASPEED3,2
MAZDA 5  Premacy,3
MAZDA 6  Atenza Sedan,2
MAZDA 6  Atenza Wagon,1
MAZDA 6Atenza Hatchback,2
MAZDA 6Atenza Sedan,4
MAZDA 6Atenza Wagon,3
MAZDA BT50,3
MAZDA Biante,1
MAZDA CX3,2
MAZDA CX5,3
MAZDA CX50,1
MAZDA CX60,1
MAZDA CX7,2
MAZDA CX8,1
MAZDA CX9,5
MAZDA CX90,1
MAZDA MX30,1
MAZDA MX5  Miata,3
MAZDA MX5  Miata RF,1
MAZDA MX5  Miata Roadster Coupe,1
MAZDA Mazda speed MX5  Miata,1
MAZDA RX8,1
MAZDA Tribute,3
MCLAREN 570S,1
MCLAREN 570S Spider,1
MCLAREN 650S,1
MCLAREN 650S Spider,1
MCLAREN 675LT,1
MCLAREN 675LT Spider,1
MCLAREN 720S,1
MCLAREN 765LT,1
MCLAREN Artura,1
MCLAREN F1,1
MCLAREN GT,1
MCLAREN MP412C,1
MCLAREN MP412C Spider,1
MCLAREN P1,1
MCLAREN Senna,1
MERCEDES BENZ 190 E 2316V,1
MERCEDES BENZ 190 W201,1
MERCEDES BENZ 300 SEL 63 W109,1
MERCEDES BENZ 300 SL Coupe W198,1
MERCEDES BENZ 300 SL Roadster Hardtop W198,1
MERCEDES BENZ 300 SL Roadster W198,1
MERCEDES BENZ 500 E W124,1
MERCEDES BENZ 600 Pullman Landaulet V100,1
MERCEDES BENZ 600 Pullman W100,1
MERCEDES BENZ 600 W100,1
MERCEDES BENZ A45 AMG W176,1
MERCEDES BENZ AClass L Sedan,1
MERCEDES BENZ AClass Sedan V177,1
MERCEDES BENZ AClass W177,1
MERCEDES BENZ AKlasse 3 doors  W169,1
MERCEDES BENZ AKlasse Coupe C169,1
MERCEDES BENZ AKlasse Lang W168,1
MERCEDES BENZ AKlasse W168,2
MERCEDES BENZ AKlasse W169,2
MERCEDES BENZ AKlasse W176,2
MERCEDES BENZ BClass W246,1
MERCEDES BENZ BClass W247,1
MERCEDES BENZ BKlasse,1
MERCEDES BENZ BKlasse W245,1
MERCEDES BENZ BKlasse W246,1
MERCEDES BENZ C 450 AMG TModell S205,1
MERCEDES BENZ C 450 AMG W205,1
MERCEDES BENZ C 55 AMG W203,1
MERCEDES BENZ C 63 AMG Coupe Black Series C204,1
MERCEDES BENZ C 63 AMG TModell S205,1
MERCEDES BENZ C 63 AMG W204,2
MERCEDES BENZ C 63 TModell S204,1
MERCEDES BENZ CClass A205,1
MERCEDES BENZ CClass Cabriolet A205,1
MERCEDES BENZ CClass Coupe C205,1
MERCEDES BENZ CClass TModell S204,1
MERCEDES BENZ CClass TModell S205,1
MERCEDES BENZ CClass TModell S206,1
MERCEDES BENZ CClass W205,1
MERCEDES BENZ CClass W206,1
MERCEDES BENZ CKlasse AMG W203,1
MERCEDES BENZ CKlasse Coupe AMG C204,1
MERCEDES BENZ CKlasse Coupe C204,1
MERCEDES BENZ CKlasse Sport Coupe C203,1
MERCEDES BENZ CKlasse Sport Coupe W203,1
MERCEDES BENZ CKlasse TModell S202,1
MERCEDES BENZ CKlasse TModell S204,1
MERCEDES BENZ CKlasse TModell W203,2
MERCEDES BENZ CKlasse W202,1
MERCEDES BENZ CKlasse W203,2
MERCEDES BENZ CKlasse W204,2
MERCEDES BENZ CL 55 AMG C215,1
MERCEDES BENZ CL 63 AMG C216,2
MERCEDES BENZ CL 65 AMG C215,1
MERCEDES BENZ CL 65 AMG C216,2
MERCEDES BENZ CL C215,1
MERCEDES BENZ CL C216,2
MERCEDES BENZ CLA 45 C117,1
MERCEDES BENZ CLA C117,1
MERCEDES BENZ CLA Coupe C118,1
MERCEDES BENZ CLA Shooting Brake C118,1
MERCEDES BENZ CLA Shooting Brake X117,1
MERCEDES BENZ CLC W203,1
MERCEDES BENZ CLK 55 AMG C209,1
MERCEDES BENZ CLK 55 AMG Cabrio A209,1
MERCEDES BENZ CLK 63 AMG Black Series C209,1
MERCEDES BENZ CLK 63 AMG C209,1
MERCEDES BENZ CLK 63 AMG Cabrio A209,1
MERCEDES BENZ CLK C208,2
MERCEDES BENZ CLK C209,2
MERCEDES BENZ CLK Cabrio A208,1
MERCEDES BENZ CLK Cabrio A209,2
MERCEDES BENZ CLK DTM AMG C209,1
MERCEDES BENZ CLK DTM AMG Cabrio A209,1
MERCEDES BENZ CLK GTR AMG,1
MERCEDES BENZ CLS,1
MERCEDES BENZ CLS 55 AMG C219,1
MERCEDES BENZ CLS 63 AMG C218,2
MERCEDES BENZ CLS 63 AMG C219,2
MERCEDES BENZ CLS AMG Shooting Brake,1
MERCEDES BENZ CLS Class C218,1
MERCEDES BENZ CLS Class C257,1
MERCEDES BENZ CLS Shooting Brake AMG X218,1
MERCEDES BENZ CLS Shooting Brake X218,2
MERCEDES BENZ CLSKlasse C218,1
MERCEDES BENZ CLSKlasse C219,2
MERCEDES BENZ Cabriolet W111112,1
MERCEDES BENZ Citan,1
MERCEDES BENZ Coupe C123,1
MERCEDES BENZ Coupe W111112,1
MERCEDES BENZ E 63 AMG TModell S212,2
MERCEDES BENZ E 63 AMG W212,2
MERCEDES BENZ EClass Cabrio A238,1
MERCEDES BENZ EClass Cabriolet A238,1
MERCEDES BENZ EClass Coupe C238,1
MERCEDES BENZ EClass TModell All Terrain S213,1
MERCEDES BENZ EClass TModell AllTerrain S213,1
MERCEDES BENZ EClass TModell S213,1
MERCEDES BENZ EClass W213,2
MERCEDES BENZ EKlasse Cabriolet A207,2
MERCEDES BENZ EKlasse Coupe C 207,1
MERCEDES BENZ EKlasse Coupe C207,1
MERCEDES BENZ EKlasse TModell S 212,1
MERCEDES BENZ EKlasse TModell S212,1
MERCEDES BENZ EKlasse W210,1
MERCEDES BENZ EKlasse W212,2
MERCEDES BENZ EQA,1
MERCEDES BENZ EQB,1
MERCEDES BENZ EQC 400,1
MERCEDES BENZ EQE,1
MERCEDES BENZ EQE SUV,1
MERCEDES BENZ EQS,1
MERCEDES BENZ EQS V297,1
MERCEDES BENZ EQV,1
MERCEDES BENZ G 63 AMG W463,1
MERCEDES BENZ G 65 AMG W463,1
MERCEDES BENZ GCLass W464,1
MERCEDES BENZ GClass 4x4 squared W463,1
MERCEDES BENZ GClass AMG 6x6 W463,1
MERCEDES BENZ GKlasse,1
MERCEDES BENZ GKlasse W460W461,1
MERCEDES BENZ GKlasse W463,3
MERCEDES BENZ GL 63 AMG X166,1
MERCEDES BENZ GLA,1
MERCEDES BENZ GLA X156,2
MERCEDES BENZ GLBClass X247,1
MERCEDES BENZ GLC Coupe,1
MERCEDES BENZ GLC Coupe C253,2
MERCEDES BENZ GLC X253,2
MERCEDES BENZ GLC X254,1
MERCEDES BENZ GLE Coupe,1
MERCEDES BENZ GLE Coupe C292,1
MERCEDES BENZ GLE W166,1
MERCEDES BENZ GLE W167,1
MERCEDES BENZ GLK,1
MERCEDES BENZ GLKKlasse X204,1
MERCEDES BENZ GLKlasse X164,2
MERCEDES BENZ GLKlasse X165,1
MERCEDES BENZ GLS Maybach X167,1
MERCEDES BENZ GLS X167,1
MERCEDES BENZ GLSClass X166,1
MERCEDES BENZ Grosser Mercedes Cabriolet D  W07,1
MERCEDES BENZ Grosser Mercedes Cabriolet F  W07,1
MERCEDES BENZ Grosser Mercedes PullmanLimousine  W07,1
MERCEDES BENZ Grosser Mercedes PullmanLimousine W150,1
MERCEDES BENZ ML 63 AMG W164,1
MERCEDES BENZ ML 63 AMG W166,1
MERCEDES BENZ MLKlasse W164,1
MERCEDES BENZ MLKlasse W166,1
MERCEDES BENZ RKlasse W251,1
MERCEDES BENZ S 63 AMG Coupe C217,1
MERCEDES BENZ S 63 AMG W221,1
MERCEDES BENZ S 63 AMG W222,1
MERCEDES BENZ S 65 AMG W221,1
MERCEDES BENZ S 65 AMG W222,1
MERCEDES BENZ S 65 Coupe C217,1
MERCEDES BENZ SClass Cabriolet A217,1
MERCEDES BENZ SClass Coupe C217,1
MERCEDES BENZ SClass Maybach X222,1
MERCEDES BENZ SClass Maybach X223,1
MERCEDES BENZ SClass W223  V223,1
MERCEDES BENZ SKlasse Coupe C140,1
MERCEDES BENZ SKlasse W221,2
MERCEDES BENZ SL 63 AMG R231,2
MERCEDES BENZ SL 65 AMG Black Series,1
MERCEDES BENZ SL 65 AMG R230,2
MERCEDES BENZ SL 65 AMG R231,1
MERCEDES BENZ SL Pagoda W113,1
MERCEDES BENZ SLCClass R172,1
MERCEDES BENZ SLClass R231,1
MERCEDES BENZ SLK 55 AMG R171,1
MERCEDES BENZ SLK 55 AMG R172,1
MERCEDES BENZ SLK R171,2
MERCEDES BENZ SLK R172,1
MERCEDES BENZ SLKlasse R231,1
MERCEDES BENZ SLR Stirling Moss,1
MERCEDES BENZ SLS AMG Black Series,1
MERCEDES BENZ SLS AMG C197,1
MERCEDES BENZ SLS AMG GT,1
MERCEDES BENZ SLS AMG Roadster,1
MERCEDES BENZ SLS AMG Roadster C197,1
MERCEDES BENZ Sclass W222,1
MERCEDES BENZ TClass,1
MERCEDES BENZ Typ 300 Adenauer W186,1
MERCEDES BENZ Typ 300 Cabriolet A W188,1
MERCEDES BENZ VANEO W414,1
MERCEDES BENZ VClass,1
MERCEDES BENZ VClass W447,1
MERCEDES BENZ VIANO,2
MERCEDES BENZ VKlasse W638,1
MERCEDES BENZ Vito Tourer,1
MERCEDES BENZ XClass,1
MERCURY Grand Marquis,1
MERCURY Mariner,2
MERCURY Milan,1
MG F,1
MG GS AS21,1
MG HS,1
MG MG3,1
MG MG6 Magnette,1
MG Marvel R,1
MG TF,1
MG ZS,1
MG ZT,1
MINI Clubman,1
MINI Clubvan,1
MINI Convertible,5
MINI Cooper S 5door,1
MINI Countryman,3
MINI Coupe,1
MINI Hatch 5 Doors,1
MINI Hatch R56,1
MINI John Cooper Works GP,1
MINI Paceman,1
MINI Roadster,1
MITSUBISHI ASX,2
MITSUBISHI ASX  RVR  Outlander Sport,3
MITSUBISHI Attrage,1
MITSUBISHI Colt 3 Doors,2
MITSUBISHI Colt 5 Doors,2
MITSUBISHI Colt CZ3,1
MITSUBISHI Colt CZC,1
MITSUBISHI Colt CZT,1
MITSUBISHI Colt Ralliart 3 Doors,1
MITSUBISHI Colt Ralliart 5 Doors,1
MITSUBISHI Eclipse,1
MITSUBISHI Eclipse Cross,2
MITSUBISHI Eclipse Spyder,1
MITSUBISHI Galant,1
MITSUBISHI Grandis,1
MITSUBISHI L 200Triton Double Cab,1
MITSUBISHI L200 Club Cab,1
MITSUBISHI L200 Double Cab,1
MITSUBISHI Lancer,4
MITSUBISHI Lancer Ralliart,1
MITSUBISHI Lancer Sportback Ralliart,1
MITSUBISHI Mirage,1
MITSUBISHI Mirage G4,2
MITSUBISHI Mirage GT,1
MITSUBISHI Outlander,3
MITSUBISHI Outlander PHEV,1
MITSUBISHI Space Star,1
MITSUBISHI iMiEV,1
MORGAN 3 wheeler,1
MORGAN Aero 8,1
MORGAN Plus Four,2
MORGAN Plus Six,1
MercedesAMG 53 AMG,1
MercedesAMG A 35 4MATIC Sedan,1
MercedesAMG A 35 AMG 4MATIC,1
MercedesAMG A 45 4MATIC,1
MercedesAMG A45 W176,1
MercedesAMG C 43 4MATIC C205,1
MercedesAMG C 43 TModell S205,1
MercedesAMG C 43 W205,1
MercedesAMG C 63 Cabriolet A205,1
MercedesAMG C 63 Coupe C205,2
MercedesAMG C 63 S E PERFORMANCE,1
MercedesAMG C 63 W205,1
MercedesAMG C43,1
MercedesAMG C43 AMG Estate,1
MercedesAMG C43 W205,1
MercedesAMG C63 S E Performance,1
MercedesAMG CLA 35 4MATIC Shooting Brake,1
MercedesAMG CLA 35 Coupe,1
MercedesAMG CLA 45 4MATIC,1
MercedesAMG CLA 45 4MATIC Shooting Brake,1
MercedesAMG CLA 45 Coupe C117,1
MercedesAMG CLA 45 Shooting Brake X117,1
MercedesAMG CLS 53 AMG,1
MercedesAMG E 53 Coupe C238,1
MercedesAMG E 63 AMG TModell S213,1
MercedesAMG E 63 AMG W213,2
MercedesAMG E43 AMG TModell S213,1
MercedesAMG E43 AMG W213,1
MercedesAMG E53 AMG Cabriolet A238,1
MercedesAMG E53 AMG W213,2
MercedesAMG EQE,1
MercedesAMG EQE SUV,1
MercedesAMG G 63 W464,1
MercedesAMG GLA 35 4MATIC H247,1
MercedesAMG GLA 45 AMG H247,1
MercedesAMG GLA 45 AMG X156,2
MercedesAMG GLB 35 4MATIC,1
MercedesAMG GLC 43 4MATIC Coupe,1
MercedesAMG GLC 43 Coupe C253,1
MercedesAMG GLC 43 X253,1
MercedesAMG GLC 63 4MATIC,1
MercedesAMG GLC 63 4MATIC Coupe,1
MercedesAMG GLC 63 Coupe C253,1
MercedesAMG GLC 63 X253,1
MercedesAMG GLE 43 4MATIC,1
MercedesAMG GLE 43 Coupe,1
MercedesAMG GLE 53 4MATIC,1
MercedesAMG GLE 53 4MATIC Coupe,1
MercedesAMG GLE 63 4MATIC Coupe C167,1
MercedesAMG GLE AMG W166,1
MercedesAMG GLE Coupe C292,1
MercedesAMG GLS 63 X166,1
MercedesAMG GT 53 4MATIC,1
MercedesAMG GT 53 4MATIC X290,1
MercedesAMG GT 63 4MATIC X290,1
MercedesAMG GT C Roadster R190,1
MercedesAMG GT C190,1
MercedesAMG GT R C190,1
MercedesAMG GT R PRO,1
MercedesAMG GT R Roadster R190,1
MercedesAMG GT S C190,1
MercedesAMG S 63 Cabriolet A217,2
MercedesAMG S 63 Long V222,1
MercedesAMG SLC 43 R172,1
MercedesAMG SLClass AMG,1
NIO ES6,1
NIO ES8,1
NISSAN 300 ZX,2
NISSAN 350Z,1
NISSAN 350Z Roadster,2
NISSAN 370Z,1
NISSAN 370Z Coupe,1
NISSAN 370Z Roadster,2
NISSAN 370z Nismo,3
NISSAN Almera  Pulsar 3 Doors,1
NISSAN Almera  Pulsar 4 Doors,1
NISSAN Almera  Pulsar 5 Doors,1
NISSAN Almera Tino,1
NISSAN Altima,4
NISSAN Altima Coupe,1
NISSAN Altima Sedan,1
NISSAN Ariya,1
NISSAN Armada,3
NISSAN Bluebird Sedan,1
NISSAN CrossCabriolet,1
NISSAN Cube,1
NISSAN Frontier,3
NISSAN FrontierNavara Double Cab,1
NISSAN GTR,1
NISSAN GTR Nismo,2
NISSAN GTR R35,1
NISSAN GTR R35  Facelift,1
NISSAN GTR R35 Nismo,1
NISSAN Grand Livina,1
NISSAN Juke,2
NISSAN Juke Nismo,1
NISSAN Kicks,2
NISSAN Leaf,3
NISSAN Maxima,4
NISSAN Micra,1
NISSAN Micra 5 Doors,4
NISSAN Micra CC,1
NISSAN Murano,3
NISSAN NP300 Pickup Double Cab,1
NISSAN NP300 Pickup Single Cab,1
NISSAN Navara  Frontier Double Cab,1
NISSAN Navara  Frontier King Cab,1
NISSAN Navara NP300 Double Cab,1
NISSAN Navara NP300 King Cab,1
NISSAN Note,2
NISSAN Pathfinder,4
NISSAN Patrol,1
NISSAN Pixo,1
NISSAN Pulsar,1
NISSAN Qashqai,5
NISSAN Quest,1
NISSAN Rogue,4
NISSAN Rogue Sport,1
NISSAN Sakura,1
NISSAN Sentra,3
NISSAN Serena,3
NISSAN Skyline GTR VSpec R34,1
NISSAN Teana,1
NISSAN Terrano,1
NISSAN Terrano II 3 Doors,1
NISSAN Terrano II 5 Doors,1
NISSAN TiidaVersa Sedan,2
NISSAN Titan Crew Cab,2
NISSAN Titan XD Crew Cab,1
NISSAN Versa,1
NISSAN VersaNote,1
NISSAN XTerra,2
NISSAN XTrail,1
NISSAN XTrail T30,1
NISSAN XTrail T31,1
NISSAN XTrail T32,2
NISSAN Z,1
OLDSMOBILE Aurora,1
OLDSMOBILE Bravada,1
OPEL Adam,1
OPEL Adam Rocks,1
OPEL Agila,2
OPEL Ampera,1
OPEL Amperae,1
OPEL Antara,2
OPEL Astra,1
OPEL Astra 3 Doors GTC,1
OPEL Astra 3 Doors GTC OPC,1
OPEL Astra 3 doors,1
OPEL Astra 5 Doors,4
OPEL Astra 5 doors,1
OPEL Astra Cabriolet,1
OPEL Astra Caravan,2
OPEL Astra Coupe,1
OPEL Astra GTC,1
OPEL Astra OPC,2
OPEL Astra Sedan,1
OPEL Astra Sports Tourer,2
OPEL Astra Twin Top,1
OPEL Calibra,1
OPEL Cascada,1
OPEL Combo,1
OPEL Corsa 3 Doors,4
OPEL Corsa 3 doors,1
OPEL Corsa 5 Doors,3
OPEL Corsa 5 doors,1
OPEL Corsa OPC,2
OPEL Corsae,1
OPEL Crossland,1
OPEL Crossland X,1
OPEL GT,2
OPEL Grandland,1
OPEL Grandland X,1
OPEL Insignia Country Tourer,1
OPEL Insignia Grand Sport,1
OPEL Insignia OPC,1
OPEL Insignia Sedan,2
OPEL Insignia Sports Tourer,1
OPEL Insignia Sports Tourer OPC,1
OPEL Karl,1
OPEL Meriva,3
OPEL Mokka,1
OPEL Mokka X,1
OPEL Omega Caravan,1
OPEL Omega Sedan,2
OPEL Senator,1
OPEL Signum,2
OPEL Sintra,1
OPEL Speedster,1
OPEL Tigra,1
OPEL Vectra Caravan,3
OPEL Vectra GTS,1
OPEL Vectra Hatchback,3
OPEL Vectra Sedan,3
OPEL Zafira,2
OPEL Zafira Tourer,1
OPEL Zafira Tourer C,1
PAGANI Huayra,1
PAGANI Huayra Roadster,1
PAGANI Utopia,1
PAGANI Zonda Cinque,1
PERODUA Axia,1
PEUGEOT 1007,1
PEUGEOT 104,1
PEUGEOT 106,1
PEUGEOT 107 3 Doors,1
PEUGEOT 107 5 Doors,2
PEUGEOT 108 5 Door,1
PEUGEOT 2008,3
PEUGEOT 205 3 doors,1
PEUGEOT 205 5 doors,1
PEUGEOT 205 CTI,1
PEUGEOT 205 GTI,1
PEUGEOT 205 T16,1
PEUGEOT 206 3 Doors,2
PEUGEOT 206 5 doors,1
PEUGEOT 206 CC,1
PEUGEOT 206 SW,1
PEUGEOT 207  3 doors,1
PEUGEOT 207  5 doors,1
PEUGEOT 207 3 Doors,1
PEUGEOT 207 5 doors,1
PEUGEOT 207 CC,2
PEUGEOT 207 RC,1
PEUGEOT 207 SW,1
PEUGEOT 207 SW Outdoor,1
PEUGEOT 208 3 doors,2
PEUGEOT 208 5 doors,3
PEUGEOT 208 XY,1
PEUGEOT 3008,4
PEUGEOT 301,2
PEUGEOT 306 3 doors,1
PEUGEOT 306 Cabriolet,1
PEUGEOT 307 5 Doors,2
PEUGEOT 307 Break,2
PEUGEOT 307 CC,2
PEUGEOT 307 SW,2
PEUGEOT 308,1
PEUGEOT 308  5 doors,1
PEUGEOT 308 3 Doors,1
PEUGEOT 308 5 Doors,2
PEUGEOT 308 CC,2
PEUGEOT 308 GT,1
PEUGEOT 308 GTi,2
PEUGEOT 308 SW,3
PEUGEOT 308 SW GT,2
PEUGEOT 4007,1
PEUGEOT 405,1
PEUGEOT 406,1
PEUGEOT 406 Coupe,2
PEUGEOT 407,1
PEUGEOT 407 Coupe,1
PEUGEOT 407 SW,1
PEUGEOT 408,2
PEUGEOT 5008,4
PEUGEOT 504 Cabriolet,1
PEUGEOT 504 Coupe,1
PEUGEOT 505,1
PEUGEOT 508,3
PEUGEOT 508 Berline,1
PEUGEOT 508 PSE,1
PEUGEOT 508 RXH,1
PEUGEOT 508 SW,4
PEUGEOT 607,2
PEUGEOT 807,1
PEUGEOT Peugeot 4008,1
PEUGEOT Peugeot 508 RXH,1
PEUGEOT RCZ,2
PEUGEOT RCZ R,1
PEUGEOT RIFTER,1
PEUGEOT Tepee Bipper,1
PEUGEOT Traveller,1
PEUGEOT iOn,1
PONTIAC Aztek,1
PONTIAC Bonneville,1
PONTIAC GTO,1
PONTIAC Trans Sport,1
PORSCHE 718 Boxster 982,1
PORSCHE 718 Boxster GTS 982,1
PORSCHE 718 Boxster S 982,1
PORSCHE 718 Cayman GTS 40,1
PORSCHE 718 Cayman S 982C,1
PORSCHE 911 Carrera 4 964,1
PORSCHE 911 Carrera 4 991,1
PORSCHE 911 Carrera 4 996,1
PORSCHE 911 Carrera 4 997,2
PORSCHE 911 Carrera 4 Cabriolet 991,1
PORSCHE 911 Carrera 4 Cabriolet 996,2
PORSCHE 911 Carrera 4 Cabriolet 997,2
PORSCHE 911 Carrera 4 GTS 992,1
PORSCHE 911 Carrera 4S 991,1
PORSCHE 911 Carrera 4S 996,1
PORSCHE 911 Carrera 4S 997,1
PORSCHE 911 Carrera 4S Cabriolet 991,1
PORSCHE 911 Carrera 4S Cabriolet 996,1
PORSCHE 911 Carrera 4S Cabriolet 997,2
PORSCHE 911 Carrera 991,1
PORSCHE 911 Carrera 997,1
PORSCHE 911 Carrera Cabrio 992,1
PORSCHE 911 Carrera Cabriolet 930,1
PORSCHE 911 Carrera Cabriolet 991,1
PORSCHE 911 Carrera Cabriolet 996,1
PORSCHE 911 Carrera Cabriolet 997,2
PORSCHE 911 Carrera Coupe 991,1
PORSCHE 911 Carrera Coupe 992,1
PORSCHE 911 Carrera GTS,1
PORSCHE 911 Carrera GTS 997,1
PORSCHE 911 Carrera GTS Cabriolet 997,1
PORSCHE 911 Carrera RS 901,1
PORSCHE 911 Carrera RS 964,1
PORSCHE 911 Carrera RS 993,1
PORSCHE 911 Carrera S 991,1
PORSCHE 911 Carrera S 992,1
PORSCHE 911 Carrera S 997,2
PORSCHE 911 Carrera S Cabriolet 991,1
PORSCHE 911 Carrera S Cabriolet 997,2
PORSCHE 911 Carrera S Coupe 991,1
PORSCHE 911 Carrera T,2
PORSCHE 911 Carrera Targa 4 991,1
PORSCHE 911 Carrera Targa 4 997,2
PORSCHE 911 Carrera Targa 4S 991,1
PORSCHE 911 Carrera Targa 4S 997,2
PORSCHE 911 GT2 993,1
PORSCHE 911 GT2 996,1
PORSCHE 911 GT2 997,1
PORSCHE 911 GT2 RS 997,1
PORSCHE 911 GT3 991,1
PORSCHE 911 GT3 9912,1
PORSCHE 911 GT3 992,1
PORSCHE 911 GT3 996,2
PORSCHE 911 GT3 997,2
PORSCHE 911 GT3 RS 40 991,1
PORSCHE 911 GT3 RS 9911,1
PORSCHE 911 GT3 RS 9912,1
PORSCHE 911 GT3 RS 992,1
PORSCHE 911 GT3 RS 996,1
PORSCHE 911 GT3 RS 997,1
PORSCHE 911 GT3 RS 9972,1
PORSCHE 911 R,1
PORSCHE 911 Targa 4 992,1
PORSCHE 911 Targa 4 GTS,1
PORSCHE 911 Targa 4 GTS 991,1
PORSCHE 911 Targa 901,1
PORSCHE 911 Targa 930,1
PORSCHE 911 Turbo 930,2
PORSCHE 911 Turbo 964,1
PORSCHE 911 Turbo 991,1
PORSCHE 911 Turbo 9912,1
PORSCHE 911 Turbo 992,1
PORSCHE 911 Turbo 993,1
PORSCHE 911 Turbo 996,1
PORSCHE 911 Turbo 997,2
PORSCHE 911 Turbo Cabriolet 991,1
PORSCHE 911 Turbo Cabriolet 996,1
PORSCHE 911 Turbo Cabriolet 997,2
PORSCHE 911 Turbo Cabriolet Flachtbau 930,1
PORSCHE 911 Turbo Flachbau 930,1
PORSCHE 911 Turbo S 991,1
PORSCHE 911 Turbo S 9912,1
PORSCHE 911 Turbo S 992,1
PORSCHE 911 Turbo S 997,1
PORSCHE 911 Turbo S Cabriolet 9912,1
PORSCHE 911 Turbo S Cabriolet 992,1
PORSCHE 912 901,1
PORSCHE 918 Spyder,1
PORSCHE 928 GTS,1
PORSCHE 928 S,1
PORSCHE 944,1
PORSCHE 944 TurboTurbo S 951,1
PORSCHE 959,1
PORSCHE 968 Club Sport,1
PORSCHE Boxster 981,1
PORSCHE Boxster 986,2
PORSCHE Boxster 987,2
PORSCHE Boxster S 981,1
PORSCHE Boxster S 986,2
PORSCHE Boxster S 987,2
PORSCHE Boxster Spyder,1
PORSCHE Boxster Spyder 987,1
PORSCHE Carrera GT 980,1
PORSCHE Cayenne 955,1
PORSCHE Cayenne 957,1
PORSCHE Cayenne 958,1
PORSCHE Cayenne Coupe PO536,1
PORSCHE Cayenne Diesel,1
PORSCHE Cayenne Diesel 957,1
PORSCHE Cayenne GTS 957,1
PORSCHE Cayenne GTS 958,2
PORSCHE Cayenne PO536,1
PORSCHE Cayenne S 955,1
PORSCHE Cayenne S 957,1
PORSCHE Cayenne S 958,1
PORSCHE Cayenne S Diesel 958,1
PORSCHE Cayenne S EHybrid 958,1
PORSCHE Cayenne S Hybrid 958,1
PORSCHE Cayenne S PO536,1
PORSCHE Cayenne Turbo 955,1
PORSCHE Cayenne Turbo 957,1
PORSCHE Cayenne Turbo 958,1
PORSCHE Cayenne Turbo Coupe PO536,1
PORSCHE Cayenne Turbo S 955,1
PORSCHE Cayenne Turbo S 957,1
PORSCHE Cayenne Turbo S 958,2
PORSCHE Cayman 981C,1
PORSCHE Cayman 987C,2
PORSCHE Cayman GT4 981C,1
PORSCHE Cayman S 981C,1
PORSCHE Cayman S 987C,2
PORSCHE GTS,1
PORSCHE GTS Sport Turismo,1
PORSCHE Macan 95B,2
PORSCHE Macan GTS 95B,3
PORSCHE Macan S 95B,3
PORSCHE Macan S Diesel 95B,1
PORSCHE Macan Turbo 95B,2
PORSCHE Panamera 4 907,1
PORSCHE Panamera 4 971,1
PORSCHE Panamera 4 EHybrid 971,1
PORSCHE Panamera 4S 970,1
PORSCHE Panamera 4S 971,1
PORSCHE Panamera 971,1
PORSCHE Panamera Diesel 970,1
PORSCHE Panamera GTS 970,2
PORSCHE Panamera GTS 971,1
PORSCHE Panamera GTS Sport Turismo 971,1
PORSCHE Panamera S 970,1
PORSCHE Panamera S EHybrid 970,1
PORSCHE Panamera S Hybrid 970,1
PORSCHE Panamera Turbo 970,2
PORSCHE Panamera Turbo 971,1
PORSCHE Panamera Turbo S 907,1
PORSCHE Panamera Turbo S 970,1
PORSCHE Panamera Turbo Sport Turismo 971,1
PORSCHE Taycan,1
PORSCHE Taycan 4S J1,1
PORSCHE Taycan Cross Turismo,1
PORSCHE Taycan Turbo,1
PROTON Gen2,1
PROTON Perdana,1
PROTON Persona,1
PROTON Preve,1
PROTON Saga,1
PROTON Saga FLX,1
PROTON Satria Neo,1
PROTON Savvy,1
PROTON Suprima S,1
Pininfarina Battista,1
Polestar Polestar 1,1
Polestar Polestar 3,1
QOROS 3 City SUV,1
QOROS 3 Sedan,1
RAM Trucks 1500 Crew Cab,3
RAM Trucks 1500 Quad Cab,1
RAM Trucks 1500 TRX,1
RAM Trucks 2500 Crew Cab,2
RAM Trucks 3500 Crew Cab,1
RENAULT 16,1
RENAULT 21 Sedan,1
RENAULT 30,1
RENAULT 5 3 Doors,1
RENAULT 5 Turbo,1
RENAULT 8 Gordini,1
RENAULT Alaskan,1
RENAULT Alpine A310,1
RENAULT Arkana,1
RENAULT Arkana EU,1
RENAULT Austral,1
RENAULT Avantime,1
RENAULT Captur,3
RENAULT Clio,1
RENAULT Clio  5 doors,1
RENAULT Clio 3 Doors,3
RENAULT Clio 5 Doors,4
RENAULT Clio Estate,2
RENAULT Clio GT 5 Doors,1
RENAULT Clio RS,3
RENAULT Clio SymbolThalia,1
RENAULT Clio V6,1
RENAULT Espace,6
RENAULT Fluence,2
RENAULT Fluence ZE,1
RENAULT Grand Modus,1
RENAULT Grand Scenic,4
RENAULT Kadjar,2
RENAULT Kangoo,1
RENAULT Kangoo 4x4,2
RENAULT Kiger,1
RENAULT Koleos,5
RENAULT Kwid,1
RENAULT Laguna,3
RENAULT Laguna Coupe,1
RENAULT Laguna Estate,3
RENAULT Latitude,1
RENAULT Logan,1
RENAULT Megane 5 Doors,4
RENAULT Megane Coupe,2
RENAULT Megane Coupe  Cabrio,1
RENAULT Megane ETech,1
RENAULT Megane Estate,4
RENAULT Megane Estate GT,1
RENAULT Megane GT 5 Doors,2
RENAULT Megane RS,2
RENAULT Megane RS 5 Doors,1
RENAULT Megane RS Coupe,2
RENAULT Megane Sedan,4
RENAULT Modus,2
RENAULT Scenic,2
RENAULT Scenic XMOD,1
RENAULT Talisman,1
RENAULT Talisman Estate,1
RENAULT Triber,1
RENAULT Twingo,3
RENAULT Twingo GT,1
RENAULT Twingo RS,1
RENAULT Twizy,1
RENAULT Vel Satis,1
RENAULT Wind,1
RENAULT ZOE,2
RIMAC Nevera,1
RIVIAN R1S,1
RIVIAN R1T,1
ROLLSROYCE Corniche V,1
ROLLSROYCE Cullinan,1
ROLLSROYCE Dawn,1
ROLLSROYCE Ghost,2
ROLLSROYCE Ghost II,1
ROLLSROYCE Phantom,2
ROLLSROYCE Phantom Coupe,2
ROLLSROYCE Phantom Drophead Coupe,1
ROLLSROYCE Spectre,1
ROLLSROYCE Wraith,1
SAAB 900,1
SAAB 900 Cabrio,1
SAAB 900 Coupe,1
SAAB 900 cabrio,1
SAAB 92X,1
SAAB 93,1
SAAB 93 Aero Convertible,2
SAAB 93 Convertible,3
SAAB 93 Coupe,1
SAAB 93 Sport Sedan,2
SAAB 93 Sport Sedan Aero,1
SAAB 93 SportCombi,2
SAAB 93X,1
SAAB 95,4
SAAB 95 SportCombi,3
SAAB 97X,1
SAAB Turbo X,1
SATURN Astra XR 3 Doors,1
SATURN Aura,1
SATURN Sky,1
SCION FRS,1
SCION iA,1
SCION iM,1
SCION iQ,1
SCION tC,1
SCION xB,2
SCION xD,1
SEAT Alhambra,2
SEAT Altea,2
SEAT Altea Freetrack,1
SEAT Altea XL,2
SEAT Ateca,2
SEAT Cordoba,1
SEAT Exeo,1
SEAT Exeo ST,1
SEAT Ibiza 5 Doors,1
SEAT Ibiza 5 doors,1
SEAT Ibiza 5doors,1
SEAT Ibiza Bocanegra,1
SEAT Ibiza Cupra,2
SEAT Ibiza FR 5 Doors,1
SEAT Ibiza FR Sport Coupe SC,1
SEAT Ibiza ST,1
SEAT Ibiza SportCoupe SC,1
SEAT Leon,1
SEAT Leon 5 doors,2
SEAT Leon Cupra 4,1
SEAT Leon Cupra R,2
SEAT Leon SC 3doors,1
SEAT Leon ST Cupra,1
SEAT Leon ST Estate,1
SEAT Leon Sportstourer,1
SEAT Leon XPerience,1
SEAT Mii 3 doors,1
SEAT Mii 5 doors,1
SEAT Tarraco,1
SEAT Toledo,3
SKODA 110R,1
SKODA Citigo 3 doors,2
SKODA Citigo 5 doors,2
SKODA Citigoe IV,1
SKODA Enyaq Coupe RS iV,1
SKODA Enyaq iV,1
SKODA Fabia,5
SKODA Fabia Combi,4
SKODA Fabia RS,1
SKODA Felicia Combi,1
SKODA Kamiq,1
SKODA Kamiq EU,1
SKODA Karoq,2
SKODA Kodiaq,2
SKODA Kodiaq RS,1
SKODA Kushaq,1
SKODA Octavia,4
SKODA Octavia Combi,3
SKODA Octavia Combi 4x4,1
SKODA Octavia Combi RS,2
SKODA Octavia II,1
SKODA Octavia II Combi RS,1
SKODA Octavia II RS,1
SKODA Octavia RS,1
SKODA Octavia Scout,5
SKODA Rapid,1
SKODA Rapid Spaceback,1
SKODA Roomster,2
SKODA Scala,1
SKODA Slavia,1
SKODA Superb,5
SKODA Superb Combi,2
SKODA Superb Combi  Scout,1
SKODA Superb Scout,1
SKODA Yeti,2
SMART City Cabrio,1
SMART Crossblade,1
SMART EQ forfour,1
SMART Electric Drive,1
SMART ForFour,1
SMART ForTwo,2
SMART ForTwo Cabrio,1
SMART ForTwo Cabrio Brabus,1
SMART Roadster Coupe,1
SMART forfour,1
SMART fortwo,1
SMART fortwo Cabrio,2
SMART fortwo Cabrio Brabus,1
SMART fortwo Cabrio Electric Drive,1
SMART fortwo Electric Drive,1
SPYKER C8 Laviolette,1
SPYKER C8 Preliator,1
SPYKER C8 Spyder,1
SSANGYONG Actyon,1
SSANGYONG Chairman,1
SSANGYONG Korando,3
SSANGYONG Korando C,1
SSANGYONG Kyron,1
SSANGYONG Musso,1
SSANGYONG Rexton,3
SSANGYONG Rodius,1
SSANGYONG Tivoli,2
SSANGYONG Tivoli XLV,1
SUBARU 360,1
SUBARU Ascent,1
SUBARU BRZ,3
SUBARU Baja,1
SUBARU Crosstrek,3
SUBARU Crosstrek Wilderness,1
SUBARU Exiga,1
SUBARU Forester,3
SUBARU Impreza 4 doors,2
SUBARU Impreza 5 doors,4
SUBARU Impreza Wagon,2
SUBARU Justy,1
SUBARU Legacy,3
SUBARU Legacy Sedan B4,1
SUBARU Legacy Wagon,2
SUBARU Levorg,1
SUBARU Liberty Sedan,1
SUBARU Outback,4
SUBARU SVX,1
SUBARU Solterra,1
SUBARU Trezia,1
SUBARU Tribeca,1
SUBARU WRX,2
SUBARU WRX STI,1
SUBARU WRX STI S209,1
SUBARU XV,1
SUZUKI Across,1
SUZUKI Aerio  Liana Hatchback,1
SUZUKI Alto,1
SUZUKI Baleno,1
SUZUKI Equator Crew Cab,1
SUZUKI Ertiga,1
SUZUKI Escudo  Grand Vitara 5 Doors,1
SUZUKI Grand Vitara 5 Doors,1
SUZUKI Grand Vitara XL7,1
SUZUKI Ignis,2
SUZUKI Jimny,2
SUZUKI Kizashi,1
SUZUKI SCross,1
SUZUKI SX4,2
SUZUKI SX4 SCross,1
SUZUKI SX4 Sedan,1
SUZUKI Splash,2
SUZUKI Swace,1
SUZUKI Swift 3 Doors,2
SUZUKI Swift 5 Doors,4
SUZUKI Swift Sport,1
SUZUKI Vitara,2
SUZUKI XL7,1
TATA MOTORS Aria,1
TATA MOTORS Harrier,1
TATA MOTORS Nano,1
TATA MOTORS Nexon,1
TESLA Model S,2
TESLA Model X,2
TESLA Roadster,1
TOYOTA 4Runner,4
TOYOTA AURIS,1
TOYOTA Alphard,1
TOYOTA Aurion,2
TOYOTA Auris 3 Doors,1
TOYOTA Auris 5 Doors,4
TOYOTA Auris Touring,2
TOYOTA Avalon,4
TOYOTA Avalon TRD,1
TOYOTA Avensis,5
TOYOTA Avensis Liftback,2
TOYOTA Avensis Verso,2
TOYOTA Avensis Wagon,5
TOYOTA Aygo,2
TOYOTA Aygo 3 doors,1
TOYOTA Aygo 5 doors,1
TOYOTA Aygo X,1
TOYOTA CHR,2
TOYOTA Camry,9
TOYOTA Camry Hybrid,2
TOYOTA Camry Solara,1
TOYOTA Celica,4
TOYOTA Corolla,3
TOYOTA Corolla 3 Doors,2
TOYOTA Corolla Altis,1
TOYOTA Corolla Cross,3
TOYOTA Corolla EU,3
TOYOTA Corolla Sedan,4
TOYOTA Corolla Sedan US,1
TOYOTA Corolla Touring Sports,2
TOYOTA Corolla US,4
TOYOTA Corolla Verso,3
TOYOTA Corolla Wagon,1
TOYOTA Crown,2
TOYOTA Etios,1
TOYOTA FJ Cruiser,2
TOYOTA Fortuner,2
TOYOTA GR 86,1
TOYOTA GR Corolla,1
TOYOTA GR Yaris,1
TOYOTA GT 86,2
TOYOTA Grand Highlander,1
TOYOTA Harrier,1
TOYOTA Highlander,4
TOYOTA Highlander  Kluger,1
TOYOTA Hilux Double Cab,4
TOYOTA Hilux Extra Cab,1
TOYOTA Hilux Single Cab,1
TOYOTA Innova,1
TOYOTA Land Cruiser,1
TOYOTA Land Cruiser 150,1
TOYOTA Land Cruiser 150 3 Doors,1
TOYOTA Land Cruiser 150 5 Doors,2
TOYOTA Land Cruiser 200  V8,3
TOYOTA Matrix,1
TOYOTA Mirai,2
TOYOTA Picnic,1
TOYOTA Prado  Meru,1
TOYOTA Previa,1
TOYOTA Prius,7
TOYOTA Prius C Aqua,2
TOYOTA Prius Prime,1
TOYOTA Prius vPrius,2
TOYOTA RAV4 3 Doors,2
TOYOTA RAV4 5 Doors,5
TOYOTA Rav4,1
TOYOTA Rukus,1
TOYOTA Sequoia,2
TOYOTA Sienna,5
TOYOTA Supra,2
TOYOTA TRD Pro,1
TOYOTA Tacoma,1
TOYOTA Tacoma Double Cab,3
TOYOTA Tundra,1
TOYOTA Tundra Access Cab,1
TOYOTA Tundra Crew Cab,1
TOYOTA Tundra Crewmax,1
TOYOTA Tundra Double Cab,1
TOYOTA Tundra Regular Cab,2
TOYOTA Urban Cruiser,1
TOYOTA Venza,2
TOYOTA Verso,2
TOYOTA VersoS,1
TOYOTA Vios,1
TOYOTA Yaris 3 Doors,4
TOYOTA Yaris 5 Doors,3
TOYOTA Yaris 5 doors,1
TOYOTA Yaris Cross,1
TOYOTA Yaris GRMN,1
TOYOTA Yaris Hatchback,1
TOYOTA Yaris TS 5 Doors,1
TOYOTA Yaris Verso,2
TOYOTA Yaris iA,1
TOYOTA bZ4X,1
TOYOTA iQ,1
VAUXHALL Agila,1
VAUXHALL Antara,2
VAUXHALL Astra Estate,1
VAUXHALL Astra GSe,1
VAUXHALL Astra Hatchback,3
VAUXHALL Astra Sport Hatch,1
VAUXHALL Astra Sports Tourer,4
VAUXHALL Astra Sports Tourer GSe,1
VAUXHALL Astra Twin Top,1
VAUXHALL Astra VXR,2
VAUXHALL Corsa 3 doors,1
VAUXHALL Corsa 5 Doors,2
VAUXHALL Corsa 5 doors,1
VAUXHALL Crossland X,1
VAUXHALL Grandland GSe,1
VAUXHALL Insignia Country Tourer,1
VAUXHALL Insignia Hatchback,1
VAUXHALL Insignia Sedan,1
VAUXHALL Insignia Sports Tourer,2
VAUXHALL Meriva,2
VAUXHALL Mokka,1
VAUXHALL Monaro VXR,1
VAUXHALL VXR8,1
VAUXHALL VXR8 GTS,1
VAUXHALL Viva,1
VAUXHALL Zafira,1
VAUXHALL Zafira Tourer,2
VAUXHALL Zafira VXR,1
VOLKSWAGEN Amarok Double Cab,2
VOLKSWAGEN Arteon,2
VOLKSWAGEN Arteon R,1
VOLKSWAGEN Arteon Shooting Brake,1
VOLKSWAGEN Arteon Shooting Brake R,1
VOLKSWAGEN Arteon US,1
VOLKSWAGEN Atlas,3
VOLKSWAGEN Atlas Cross Sport,2
VOLKSWAGEN Beetle,4
VOLKSWAGEN Beetle Cabrio,2
VOLKSWAGEN Beetle Cabriolet,1
VOLKSWAGEN Beetle Convertible A5,1
VOLKSWAGEN Bora,1
VOLKSWAGEN CC,1
VOLKSWAGEN Caddy,2
VOLKSWAGEN Cross up,1
VOLKSWAGEN CrossGolf,1
VOLKSWAGEN CrossPolo,1
VOLKSWAGEN CrossTouran,2
VOLKSWAGEN Eos,2
VOLKSWAGEN Fox,1
VOLKSWAGEN Gol,2
VOLKSWAGEN Golf Alltrack,1
VOLKSWAGEN Golf GTD 3 Doors,1
VOLKSWAGEN Golf GTD 5 Doors,2
VOLKSWAGEN Golf GTI,3
VOLKSWAGEN Golf I GTI,1
VOLKSWAGEN Golf III Cabrio,1
VOLKSWAGEN Golf III GTI,1
VOLKSWAGEN Golf IV Cabrio,1
VOLKSWAGEN Golf Plus,1
VOLKSWAGEN Golf R,1
VOLKSWAGEN Golf R Variant,1
VOLKSWAGEN Golf Sportsvan,2
VOLKSWAGEN Golf V Variant Jetta Sportwagon,1
VOLKSWAGEN Golf VI 3 Doors,1
VOLKSWAGEN Golf VI Cabrio,2
VOLKSWAGEN Golf VI GTI Cabrio,1
VOLKSWAGEN Golf VI R 3 Doors,1
VOLKSWAGEN Golf VI R 5 Doors,1
VOLKSWAGEN Golf VI R Cabrio,1
VOLKSWAGEN Golf VI Variant,1
VOLKSWAGEN Golf VII 3 Doors,1
VOLKSWAGEN Golf VII 5 Doors,2
VOLKSWAGEN Golf VII Alltrack,2
VOLKSWAGEN Golf VII GTE,2
VOLKSWAGEN Golf VII R 3 Doors,1
VOLKSWAGEN Golf VII R 5 Doors,1
VOLKSWAGEN Golf VII R Variant,1
VOLKSWAGEN Golf VII Variant,2
VOLKSWAGEN Golf Variant,1
VOLKSWAGEN ID Buzz,1
VOLKSWAGEN ID3,2
VOLKSWAGEN ID4 GTX,1
VOLKSWAGEN ID5,1
VOLKSWAGEN ID5 GTX,1
VOLKSWAGEN Jetta,5
VOLKSWAGEN Multivan Bulli T61,1
VOLKSWAGEN Multivan T6,1
VOLKSWAGEN Multivan T7,1
VOLKSWAGEN Nivus,1
VOLKSWAGEN Passat,6
VOLKSWAGEN Passat Alltrack,3
VOLKSWAGEN Passat CC,1
VOLKSWAGEN Passat R36,1
VOLKSWAGEN Passat R36 Variant,1
VOLKSWAGEN Passat US,1
VOLKSWAGEN Passat Variant,3
VOLKSWAGEN Passat Variant GTE,1
VOLKSWAGEN Phaeton,2
VOLKSWAGEN Polo,1
VOLKSWAGEN Polo 3 Doors,2
VOLKSWAGEN Polo 5 Doors,4
VOLKSWAGEN Polo BlueGT,1
VOLKSWAGEN Polo GTI,2
VOLKSWAGEN Routan,1
VOLKSWAGEN Scirocco,2
VOLKSWAGEN Scirocco R,2
VOLKSWAGEN Sharan,1
VOLKSWAGEN TCross,1
VOLKSWAGEN TRoc,1
VOLKSWAGEN TRoc Cabriolet,2
VOLKSWAGEN TRoc R,1
VOLKSWAGEN Taigo,1
VOLKSWAGEN Tiguan,5
VOLKSWAGEN Tiguan Allspace,2
VOLKSWAGEN Tiguan R,1
VOLKSWAGEN Touareg,5
VOLKSWAGEN Touareg R,1
VOLKSWAGEN Touran,3
VOLKSWAGEN Transporter Kombi T6,1
VOLKSWAGEN XL1,1
VOLKSWAGEN eGolf,1
VOLKSWAGEN eUP,2
VOLKSWAGEN up 3 doors,2
VOLKSWAGEN up 5 doors,2
VOLKSWAGEN up GTI,1
VOLVO 144,1
VOLVO 145,1
VOLVO 244,1
VOLVO 245,1
VOLVO 262 C,1
VOLVO 264,1
VOLVO 760,1
VOLVO 780,1
VOLVO 850,1
VOLVO 850 Estate,1
VOLVO C30,2
VOLVO C40 Recharge,1
VOLVO C70,2
VOLVO C70 Convertible,1
VOLVO EX90,1
VOLVO S60,6
VOLVO S60 Cross Country,1
VOLVO S60 Polestar,1
VOLVO S80,2
VOLVO S90,2
VOLVO V40,2
VOLVO V40 Cross Country,2
VOLVO V50,2
VOLVO V60,3
VOLVO V60 Cross Country,2
VOLVO V60 Polestar,1
VOLVO V70,2
VOLVO V90,2
VOLVO V90 Cross Country,2
VOLVO XC40,1
VOLVO XC40 Recharge,2
VOLVO XC60,3
VOLVO XC70,2
VOLVO XC70 V70XC,1
VOLVO XC90,4
WIESMANN GT MF4,1
WIESMANN GT MF4CS,1
WIESMANN GT MF5,1
WIESMANN MF4,1
WIESMANN MF4 Roadster,2
WIESMANN MF4S,1
WIESMANN MF4S Roadster,1
WIESMANN MF5 Roadster,1
Zenvo ST1,1
Zenvo TS1,1
Zenvo TSRS,1
